disease_name,solution_type,title,description,source_name,source_url,region_specific,verified,verdict,reviewer,reviewed_on,notes
Pepper - Bacterial Spot,natural,Avoid overhead irrigation and working in wet fields,"Bacterial spot spreads on splashing water and on hands and tools moving between wet plants. Water at the base, and avoid pruning or harvesting while the foliage is wet.",ICAR,https://icar.org.in,,True,,,,
Pepper - Bacterial Spot,natural,Remove infected plants and clear debris between seasons,"Bacteria survive in infected crop residue and on volunteer plants. Pull out badly affected plants, and at the end of the season clear and destroy the debris rather than ploughing it back in.",ICAR,https://icar.org.in,,True,,,,
Pepper - Bacterial Spot,natural,"Start with clean, treated seed","Bacterial spot is seed-borne. Use certified disease-free seed, or treat saved seed in hot water at 50 degrees Celsius for 25 minutes, cool it immediately in cold water and dry it in the shade before sowing. This is the single most effective step.",ICAR,https://icar.org.in,,True,,,,
Pepper - Bacterial Spot,traditional,Cow urine spray at 10 percent,"Dilute cow urine 1:10 with water and spray on the crop. A long-standing preparation in Indian organic farming, used as part of a wider programme.",Regional practice,,,False,,,,
Pepper - Bacterial Spot,traditional,Panchagavya foliar spray at 3 percent,Spray a 3 percent Panchagavya solution (3 litres stock in 100 litres water) on the foliage. TNAU documents Panchagavya for use across vegetable crops to support growth and canopy health.,TNAU Agritech Portal,https://agritech.tnau.ac.in/org_farm/orgfarm_panchakavya.html,,True,,,,
Pepper - Healthy,natural,Use certified seed and rotate the bed,"No disease was detected here. Bacterial spot is seed-borne and survives in crop debris, so certified seed and a rotation away from pepper and tomato for a season are the two habits that keep it out.",ICAR,https://icar.org.in,,True,,,,
Pepper - Healthy,natural,"Water at the base, not over the canopy",Splashing water is how bacterial spot moves between plants. Drip or furrow irrigation at the base keeps the foliage dry and removes the main route of spread.,ICAR,https://icar.org.in,,True,,,,
Pepper - Healthy,traditional,Panchagavya foliar spray at 3 percent,"A 3 percent Panchagavya spray through the season to support plant vigour, as documented by TNAU for vegetable crops.",TNAU Agritech Portal,https://agritech.tnau.ac.in/org_farm/orgfarm_panchakavya.html,,True,,,,
Potato - Early Blight,natural,Apply Trichoderma viride to the soil,"Mix Trichoderma viride into the soil at planting, or drench the root zone at 5 g per litre of water. It colonises the root surface and competes with soil-borne pathogens, and is best used preventively from the start of the season.",TNAU Agritech Portal,https://agritech.tnau.ac.in/org_farm/orgfarm_farming_practices_treatment_preperation.html,,True,,,,
Potato - Early Blight,natural,Maintain balanced nutrition — especially potassium,"Plants short of potassium and under stress from poor nutrition show early blight sooner and more severely. Follow a soil test rather than a fixed dose, and avoid letting the crop run short during tuber bulking.",ICAR,https://icar.org.in,,True,,,,
Potato - Early Blight,natural,Remove infected foliage and destroy crop debris,"Early blight lesions start on the older, lower leaves with brown concentric rings and a yellow halo. Cut and remove affected foliage, and at the end of the season destroy the haulm and any volunteer plants rather than leaving them in the field.",ICAR,https://icar.org.in,,True,,,,
Potato - Early Blight,traditional,Neem leaf extract or neem oil spray,Spray either a strained neem leaf extract (1 kg leaves soaked overnight in 10 litres water) or neem oil at 3 ml per litre with a little mild soap. Repeat every 7-10 days. Neem products are widely used in Indian organic potato production.,"Regional practice, supported by published trials",https://www.mdpi.com/2037-0164/15/1/7,,True,,,,
Potato - Early Blight,traditional,Panchagavya foliar spray at 3 percent,Spray a 3 percent Panchagavya solution on the foliage through the growing season. TNAU documents this preparation for use across vegetable crops to support plant growth and canopy health.,TNAU Agritech Portal,https://agritech.tnau.ac.in/org_farm/orgfarm_panchakavya.html,,True,,,,
Potato - Healthy,natural,Check the crop after every wet spell,"No disease was detected here. Late blight can appear within days of cool, wet weather, so walk the field after each rainy spell and look at the lower leaves and the underside first.",ICAR,https://icar.org.in,,True,,,,
Potato - Healthy,natural,Keep the ridges earthed up,"Well-earthed ridges keep spores from washing down onto the tubers, which is what turns a foliar outbreak into a storage loss. Maintain the ridge through the season and at the last earthing up.",ICAR,https://icar.org.in,,True,,,,
Potato - Healthy,traditional,Panchagavya foliar spray at 3 percent,A 3 percent Panchagavya spray (3 litres stock in 100 litres water) used through the season to support plant vigour. TNAU documents it for use across vegetable crops.,TNAU Agritech Portal,https://agritech.tnau.ac.in/org_farm/orgfarm_panchakavya.html,,True,,,,
Potato - Late Blight,natural,Destroy infected plants at once — do not wait,Late blight is the most destructive potato disease in India. Water-soaked grey-green lesions spread into brown necrotic patches and white mould appears on leaf undersides in damp weather. Uproot and destroy affected plants immediately and keep them away from the field.,ICAR,https://icar.org.in,,True,,,,
Potato - Late Blight,natural,Hill up soil and avoid overhead irrigation,"Earthing up around the ridge reduces the chance of spores washing down to the tubers, and base-only watering keeps the foliage dry. Together these cut both the spread and the tuber losses that follow a foliar outbreak.",ICAR,https://icar.org.in,,True,,,,
Potato - Late Blight,natural,Plant a resistant variety,"Ask your KVK or state agriculture department which potato varieties recommended for your district carry late blight resistance, and plan the next season around that choice. It is the most reliable control available.",ICAR,https://icar.org.in,,True,,,,
Potato - Late Blight,natural,Spray Bordeaux mixture before the disease arrives,"Bordeaux mixture (copper sulphate plus lime) is the classic protectant and is permitted in organic production. It must be on the leaf BEFORE infection to work, so apply it when the weather turns cool and wet, and re-apply after rain. Follow your KVK's recommended concentration.",ICAR,https://icar.org.in,,True,,,,
Potato - Late Blight,traditional,Cow urine spray at 10 percent,"Dilute cow urine 1:10 with water and spray the crop. A long-standing preparation in Indian organic farming, used as part of a wider spray programme rather than alone.",Regional practice,,,False,,,,
Potato - Late Blight,traditional,Jeevamrut soil drench,"Ferment 10 kg cow dung, 10 litres cow urine, 2 kg jaggery, 2 kg pulse flour and 1 kg live soil in 200 litres of water for 2-7 days, stirring three times a day, then apply around the root zone with irrigation.",TNAU Agritech Portal,https://agritech.tnau.ac.in/org_farm/orgfarm_farming_practices_treatment_preperation.html,,True,,,,
Potato - Late Blight,traditional,Wood ash dusting,"Dust dry wood ash thinly over affected foliage in the early morning while dew is present, to dry the leaf surface and slow spread. A recognised regional practice — not a cure.",Regional practice,,,False,,,,
Tomato - Early Blight,natural,Apply Trichoderma viride to the soil,"Drench the root zone with Trichoderma viride at 5 g per litre of water, about 100-200 ml per plant, or mix 5 g per kg into the soil at transplanting. Trichoderma colonises the root surface, competes with the pathogen and produces enzymes that break down its cell walls. Use it as a preventive and early-season measure rather than a rescue treatment.",TNAU Agritech Portal,https://agritech.tnau.ac.in/org_farm/orgfarm_farming_practices_treatment_preperation.html,,True,,,,
Tomato - Early Blight,natural,Mulch and stake so soil does not splash onto the leaves,"The early blight fungus overwinters in the soil and reaches the lower leaves on splashing water. Spread straw or plastic mulch around the base, stake the plants, and water at the base rather than overhead. Removing the route from soil to leaf breaks the cycle more reliably than treating the leaf afterwards.",ICAR,https://icar.org.in,,True,,,,
Tomato - Early Blight,natural,Remove and destroy the infected lower leaves,"Early blight always starts on the oldest, lowest leaves. Pick off affected leaves as soon as the brown concentric rings appear, put them in a bag, and take them out of the field. Do not compost them and do not leave them on the soil — the fungus survives in infected debris and re-infects the crop.",ICAR,https://icar.org.in,,True,,,,
Tomato - Early Blight,natural,Spray Pseudomonas fluorescens,"Pseudomonas fluorescens is a biocontrol bacterium widely used in India. Spray on the foliage at 5 g per litre of water, covering both leaf surfaces, in the evening. Field and greenhouse trials against early blight consistently show reduced disease severity and better plant vigour; integrating it with other biocontrol agents and neem can cut chemical fungicide use substantially.",ICAR / published biocontrol trials,https://www.mdpi.com/2037-0164/15/1/7,,True,,,,
Tomato - Early Blight,traditional,Jeevamrut soil drench,"Mix 10 kg cow dung, 10 litres cow urine, 2 kg jaggery and 2 kg pulse flour in 200 litres of water, add 1 kg of live soil, and ferment for 2-7 days, stirring three times a day. Apply around the root zone with irrigation. Farmers use this to build soil microbial activity, which supports the plant's own defences.",TNAU Agritech Portal,https://agritech.tnau.ac.in/org_farm/orgfarm_farming_practices_treatment_preperation.html,,True,,,,
Tomato - Early Blight,traditional,Neem leaf extract spray,"Soak 1 kg of fresh neem leaves in 10 litres of water overnight, strain, and spray the filtrate on the foliage. Neem leaf extract has been shown to suppress Alternaria solani growth, with higher concentrations giving better control. Repeat every 7-10 days while the weather stays humid.","Regional practice, supported by published trials",https://www.mdpi.com/2037-0164/15/1/7,Maharashtra,True,,,,
Tomato - Early Blight,traditional,Panchagavya foliar spray at 3 percent,"Mix 3 litres of Panchagavya stock solution in 100 litres of water and spray the foliage. TNAU recommends spraying tomato at the nursery stage and 40 days after transplanting. Prepare the stock by fermenting cow dung, ghee, cow urine, milk, curd, jaggery, banana and tender coconut water for 30 days, stirring twice daily.",TNAU Agritech Portal,https://agritech.tnau.ac.in/org_farm/orgfarm_panchakavya.html,,True,,,,
Tomato - Healthy,natural,Keep scouting the lower leaves,"No disease was detected in this photo, so nothing needs treating. Continue checking the oldest, lowest leaves twice a week — that is where early blight and Septoria appear first, and catching them there is far easier than later.",ICAR,https://icar.org.in,,True,,,,
Tomato - Healthy,natural,Water at the base and keep the canopy open,"Most tomato leaf diseases need a wet leaf surface to infect. Watering at the base rather than overhead, staking, and pruning lower leaves to improve airflow are the cheapest and most effective prevention you have.",ICAR,https://icar.org.in,,True,,,,
Tomato - Healthy,traditional,Panchagavya foliar spray at 3 percent,A 3 percent Panchagavya spray (3 litres stock in 100 litres water) is used through the season to support plant vigour. TNAU recommends it for tomato at the nursery stage and again 40 days after transplanting.,TNAU Agritech Portal,https://agritech.tnau.ac.in/org_farm/orgfarm_panchakavya.html,,True,,,,
Tomato - Late Blight,natural,Plant a resistant variety next season,"Variety choice is the most reliable long-term control. Ask your KVK or state agriculture department which tomato varieties recommended for your district carry late blight tolerance, and plan the next sowing around that.",ICAR,https://icar.org.in,,True,,,,
Tomato - Late Blight,natural,Spray Bordeaux mixture,"Bordeaux mixture (copper sulphate plus lime) is the classic copper fungicide and is permitted in organic production. It works as a protectant, so apply it to healthy foliage BEFORE the disease arrives and re-apply after rain. Follow the label or your KVK's recommended concentration — too strong a mix burns leaves.",ICAR,https://icar.org.in,,True,,,,
Tomato - Late Blight,natural,Stop overhead irrigation and open up the canopy,"Late blight needs leaf wetness to spread. Water only at the base, stake and prune so the canopy dries quickly, and widen spacing where air does not move. Dry foliage between rainy spells is what limits an outbreak.",ICAR,https://icar.org.in,,True,,,,
Tomato - Late Blight,natural,Uproot and destroy infected plants immediately,"Late blight can destroy a field within days in cool, wet weather. The moment you see water-soaked grey-green patches that turn brown and papery, uproot the affected plants and remove them from the field entirely. Do not wait to see how it develops — this is the single most important action.",ICAR,https://icar.org.in,,True,,,,
Tomato - Late Blight,traditional,Amirthakaraisal soil application,"Mix 10 kg fresh cow dung, 10 litres cow urine and 1 kg country jaggery in 100 litres of water in a cement tank and stir well. TNAU documents this preparation for seed treatment and soil application to support crop health.",TNAU Agritech Portal,https://agritech.tnau.ac.in/org_farm/orgfarm_farming_practices_treatment_preperation.html,,True,,,,
Tomato - Late Blight,traditional,Cow urine spray at 10 percent,"Dilute cow urine 1:10 with water and spray on the crop. Cow urine is a long-standing preparation in Indian organic farming, commonly used as part of a wider spray programme rather than on its own.",Regional practice,,,False,,,,
Tomato - Late Blight,traditional,Wood ash dusting on affected foliage,Dust dry wood ash thinly over affected foliage in the early morning while dew is still present. This is a recognised regional practice used to dry out the leaf surface. It is not a cure — it slows spread while you remove infected plants.,Regional practice,,,False,,,,
Tomato - Leaf Mold,natural,Improve ventilation and lower the humidity,"Leaf mold is a humidity disease — it barely appears in open fields but thrives in still, damp air. Prune lower leaves, increase plant spacing, open vents or side curtains, and water at the base only. Fixing the airflow usually does more than any spray.",ICAR,https://icar.org.in,,True,,,,
Tomato - Leaf Mold,natural,Remove affected leaves and clear crop debris,"Pick off leaves showing the pale yellow upper-surface spots and the velvety olive mould underneath, and remove them from the field. The fungus survives between crops in infected debris, so clearing the bed at the end of the season matters as much as treating the plant now.",ICAR,https://icar.org.in,,True,,,,
Tomato - Leaf Mold,natural,Spray Pseudomonas fluorescens,"Spray Pseudomonas fluorescens at 5 g per litre of water in the evening, covering the underside of the leaves where the mould develops. Biocontrol agents are most effective used preventively and repeatedly, not as a single rescue spray.",ICAR / published biocontrol trials,https://www.mdpi.com/2037-0164/15/1/7,,True,,,,
Tomato - Leaf Mold,traditional,Neem oil spray,"Mix 3 ml of neem oil per litre of water with a few drops of mild soap to help it spread, and spray both leaf surfaces in the early morning or evening. Repeat every 7-10 days. Neem products have documented antifungal activity and are widely used in Indian organic vegetable production.","Regional practice, supported by published trials",https://www.mdpi.com/2037-0164/15/1/7,,True,,,,
Tomato - Leaf Mold,traditional,Panchagavya foliar spray at 3 percent,Spray a 3 percent Panchagavya solution (3 litres stock in 100 litres water) on the foliage. TNAU recommends it for tomato at the nursery stage and 40 days after transplanting to support plant vigour and canopy health.,TNAU Agritech Portal,https://agritech.tnau.ac.in/org_farm/orgfarm_panchakavya.html,,True,,,,
Tomato - Septoria Leaf Spot,natural,Mulch to block soil splash,"The fungus overwinters in soil and in infected debris, and reaches the leaves on splashing water. A straw or plastic mulch around the base, plus base-only watering, removes the main route of infection.",ICAR,https://icar.org.in,,True,,,,
Tomato - Septoria Leaf Spot,natural,Rotate away from tomato and potato for two seasons,Septoria survives in the soil and in solanaceous crop debris. Planting tomato or potato in the same bed year after year keeps the inoculum high. Rotate with a non-solanaceous crop such as a cereal or legume for at least two seasons.,ICAR,https://icar.org.in,,True,,,,
Tomato - Septoria Leaf Spot,natural,Strip the infected lower leaves early,"Septoria starts on the lowest leaves and works upward. Remove those leaves as soon as you see the small circular spots with grey centres and dark margins, and take them out of the field. Early removal slows the climb up the plant considerably.",ICAR,https://icar.org.in,,True,,,,
Tomato - Septoria Leaf Spot,traditional,Jeevamrut soil drench,"Ferment 10 kg cow dung, 10 litres cow urine, 2 kg jaggery, 2 kg pulse flour and 1 kg live soil in 200 litres of water for 2-7 days, stirring three times daily. Apply around the root zone. Used to build soil biological activity and plant vigour.",TNAU Agritech Portal,https://agritech.tnau.ac.in/org_farm/orgfarm_farming_practices_treatment_preperation.html,,True,,,,
Tomato - Septoria Leaf Spot,traditional,Neem leaf extract spray,"Soak 1 kg of fresh neem leaves in 10 litres of water overnight, strain, and spray the filtrate. Repeat every 7-10 days through humid weather. This is a long-standing regional practice and is also supported by published work on neem against tomato leaf diseases.","Regional practice, supported by published trials",https://www.mdpi.com/2037-0164/15/1/7,,True,,,,
